name	title	slot_uri	comments	description	examples	in_subset	keywords	multivalued	pattern	range	recommended	required	string_serialization	structured_pattern	Expected_value	Preferred_unit
adapters	adapters	MIXS:0000048		Adapters provide priming sequences for both amplification and sequencing of the sample-library fragments. Both adapters should be reported; in uppercase letters	{'value': 'AATGATACGGCGACCACCGAGATCTACACGCT;CAAGCAGAAGACGGCATACGAGAT'}	sequencing				string	True			{'syntax': '^{dna_bases};{dna_bases}$', 'interpolated': True, 'partial_match': True}		
alt	altitude	MIXS:0000094		Heights of objects such as airplanes, space shuttles, rockets, atmospheric balloons and heights of places such as atmospheric layers and clouds. It is used to measure the height of an object which is above the earth's surface. In this context, the altitude measurement is the vertical distance between the earth's surface above sea level and the sampled position in the air	{'value': '100 meter'}	environment				string	True			{'syntax': '^{scientific_float}( *- *{scientific_float})? *{text}$', 'interpolated': True, 'partial_match': True}		meter
annot	annotation	MIXS:0000059		Tool used for annotation, or for cases where annotation was provided by a community jamboree or model organism database rather than by a specific submitter	{'value': 'prokka'}	sequencing				string					name of tool or pipeline used, or annotation source description	
assembly_name	assembly name	MIXS:0000057		Name/version of the assembly provided by the submitter that is used in the genome browsers and in the community	{'value': 'HuRef, JCVI_ISG_i3_1.0'}	sequencing				string	True		{text} {text}		name and version of assembly	
assembly_qual	assembly quality	MIXS:0000056		The assembly quality category is based on sets of criteria outlined for each assembly quality category. For MISAG/MIMAG; Finished: Single, validated, contiguous sequence per replicon without gaps or ambiguities with a consensus error rate equivalent to Q50 or better. High Quality Draft:Multiple fragments where gaps span repetitive regions. Presence of the large subunit (LSU) RNA, small subunit (SSU) and the presence of 5.8S rRNA or 5S rRNA depending on whether it is a eukaryotic or prokaryotic genome, respectively. Medium Quality Draft:Many fragments with little to no review of assembly other than reporting of standard assembly statistics. Low Quality Draft:Many fragments with little to no review of assembly other than reporting of standard assembly statistics. Assembly statistics include, but are not limited to total assembly size, number of contigs, contig N50/L50, and maximum contig length. For MIUVIG; Finished: Single, validated, contiguous sequence per replicon without gaps or ambiguities, with extensive manual review and editing to annotate putative gene functions and transcriptional units. High-quality draft genome: One or multiple fragments, totaling   90% of the expected genome or replicon sequence or predicted complete. Genome fragment(s): One or multiple fragments, totalling < 90% of the expected genome or replicon sequence, or for which no genome size could be estimated	{'value': 'High-quality draft genome'}	sequencing	quality			AssemblyQualEnum		True				
assembly_software	assembly software	MIXS:0000058		Tool(s) used for assembly, including version number and parameters	{'value': 'metaSPAdes;3.11.0;kmer set 21,33,55,77,99,121, default parameters otherwise'}	sequencing	software			string		True		{'syntax': '^{software};{version};{parameters}$', 'interpolated': True, 'partial_match': True}		
associated_resource	relevant electronic resources	MIXS:0000091		A related resource that is referenced, cited, or otherwise associated to the sequence	{'value': 'http://www.earthmicrobiome.org/'}	sequencing	resource	True		string	True			{'syntax': '^({PMID}|{DOI}|{URL})$', 'interpolated': True, 'partial_match': False}	reference to resource	
association_duration	duration of association with the host	MIXS:0001299		Time spent in host of the symbiotic organism at the time of sampling; relevant scale depends on symbiotic organism and study			duration|host|host.|period			string				{'syntax': '^{scientific_float}( *- *{scientific_float})? *{text}$', 'interpolated': True, 'partial_match': True}		year, day, hour
bin_param	binning parameters	MIXS:0000077		The parameters that have been applied during the extraction of genomes from metagenomic datasets	{'value': 'kmer', 'description': 'was coverage and kmer'}	sequencing	parameter			BinParamEnum		True				
bin_software	binning software	MIXS:0000078		Tool(s) used for the extraction of genomes from metagenomic datasets, where possible include a product ID (PID) of the tool(s) used	{'value': 'MetaCluster-TA (RRID:SCR_004599), MaxBin (biotools:maxbin)'}	sequencing	software			string		True	{software};{version}{PID}		names and versions of software(s) used	
chem_administration	chemical administration	MIXS:0000751		List of chemical compounds administered to the host or site where sampling occurred, and when (e.g. Antibiotics, n fertilizer, air filter); can include multiple compounds. For chemical entities of biological interest ontology (chebi) (v 163), http://purl.bioontology.org/ontology/chebi	{'value': 'agar [CHEBI:2509];2018-05-11T20:00Z'}		administration	True		string			{termLabel} [{termID}];{timestamp}		CHEBI;timestamp	
collection_date	collection date	MIXS:0000011		The time of sampling, either as an instance (single point in time) or interval. In case no exact time is available, the date/time can be right truncated i.e. all of these are valid times: 2008-01-23T19:23:10+00:00; 2008-01-23T19:23:10; 2008-01-23; 2008-01; 2008; Except: 2008-01; 2008 all are ISO8601 compliant	{'value': '2013-03-25T12:42:31+01:00'}	environment	date			datetime		True				
compl_appr	completeness approach	MIXS:0000071		The approach used to determine the completeness of a given genomic assembly, which would typically make use of a set of conserved marker genes or a closely related reference genome. For UViG completeness, include reference genome or group used, and contig feature suggesting a complete genome	{'value': 'other', 'description': 'was other <colon> UViG length compared to the average length of reference genomes from the P22virus genus (NCBI RefSeq v83)'}	sequencing				ComplApprEnum					text	
compl_score	completeness score	MIXS:0000069		Completeness score is typically based on either the fraction of markers found as compared to a database or the percent of a genome found as compared to a closely related reference genome. High Quality Draft: >90%, Medium Quality Draft: >50%, and Low Quality Draft: < 50% should have the indicated completeness scores	{'value': 'med;60%'}	sequencing	score			string		True	[high|med|low];{percentage}		quality;percent completeness	
compl_software	completeness software	MIXS:0000070		Tools used for completion estimate, i.e. checkm, anvi'o, busco	{'value': 'checkm'}	sequencing	software			string		True	{software};{version}		names and versions of software(s) used	
contam_score	contamination score	MIXS:0000072		The contamination score is based on the fraction of single-copy genes that are observed more than once in a query genome. The following scores are acceptable for; High Quality Draft: < 5%, Medium Quality Draft: < 10%, Low Quality Draft: < 10%. Contamination must be below 5% for a SAG or MAG to be deposited into any of the public databases	{'value': '0.01'}	sequencing	score			float		True				
contam_screen_input	contamination screening input	MIXS:0000005		The type of sequence data used as input	{'value': 'contigs'}	sequencing				ContamScreenInputEnum						
contam_screen_param	contamination screening parameters	MIXS:0000073		Specific parameters used in the decontamination sofware, such as reference database, coverage, and kmers. Combinations of these parameters may also be used, i.e. kmer and coverage, or reference database and kmer	{'value': 'kmer'}	sequencing	parameter			string			[ref db|kmer|coverage|combination];{text|integer}		enumeration;value or name	
decontam_software	decontamination software	MIXS:0000074		Tool(s) used in contamination screening	"{'value': ""anvi'o""}"	sequencing	software			string			[checkm/refinem|anvi'o|prodege|bbtools:decontaminate.sh|acdc|combination]		enumeration	
depth	depth	MIXS:0000018		The vertical distance below local surface. For sediment or soil samples depth is measured from sediment or soil surface, respectively. Depth can be reported as an interval for subsurface samples	{'value': '10 meter'}	environment	depth			string	True			{'syntax': '^{scientific_float}( *- *{scientific_float})? *{text}$', 'interpolated': True, 'partial_match': True}		meter
elev	elevation	MIXS:0000093		Elevation of the sampling site is its height above a fixed reference point, most commonly the mean sea level. Elevation is mainly used when referring to points on the earth's surface, while altitude is used for points above the surface, such as an aircraft in flight or a spacecraft in orbit	{'value': '100 meter'}	environment	elevation			string	True			{'syntax': '^{scientific_float}( *- *{scientific_float})? *{text}$', 'interpolated': True, 'partial_match': True}		meter
env_broad_scale	broad-scale environmental context	MIXS:0000012		Report the major environmental system the sample or specimen came from. The system(s) identified should have a coarse spatial grain, to provide the general environmental context of where the sampling was done (e.g. in the desert or a rainforest). We recommend using subclasses of EnvO s biome class:  http://purl.obolibrary.org/obo/ENVO_00000428. EnvO documentation about how to use the field: https://github.com/EnvironmentOntology/envo/wiki/Using-ENVO-with-MIxS	{'value': 'rangeland biome [ENVO:01000247]'}	environment	context|environmental			string		True		{'syntax': '^{termLabel} \\[{termID}\\]$', 'interpolated': True, 'partial_match': True}		
env_local_scale	local environmental context	MIXS:0000013		Report the entity or entities which are in the sample or specimen s local vicinity and which you believe have significant causal influences on your sample or specimen. We recommend using EnvO terms which are of smaller spatial grain than your entry for env_broad_scale. Terms, such as anatomical sites, from other OBO Library ontologies which interoperate with EnvO (e.g. UBERON) are accepted in this field. EnvO documentation about how to use the field: https://github.com/EnvironmentOntology/envo/wiki/Using-ENVO-with-MIxS	{'value': 'hillside [ENVO:01000333]'}	environment	context|environmental			string		True		{'syntax': '^{termLabel} \\[{termID}\\]$', 'interpolated': True, 'partial_match': True}	Environmental entities having causal influences upon the entity at time of sampling	
env_medium	environmental medium	MIXS:0000014		Report the environmental material(s) immediately surrounding the sample or specimen at the time of sampling. We recommend using subclasses of 'environmental material' (http://purl.obolibrary.org/obo/ENVO_00010483). EnvO documentation about how to use the field: https://github.com/EnvironmentOntology/envo/wiki/Using-ENVO-with-MIxS . Terms from other OBO ontologies are permissible as long as they reference mass/volume nouns (e.g. air, water, blood) and not discrete, countable entities (e.g. a tree, a leaf, a table top)	{'value': 'bluegrass field soil [ENVO:00005789]'}	environment	environmental			string		True		{'syntax': '^{termLabel} \\[{termID}\\]$', 'interpolated': True, 'partial_match': True}		
experimental_factor	experimental factor	MIXS:0000008		Variable aspects of an experiment design that can be used to describe an experiment, or set of experiments, in an increasingly detailed manner. This field accepts ontology terms from Experimental Factor Ontology (EFO) and/or Ontology for Biomedical Investigations (OBI)	{'value': 'time series design [EFO:0001779]'}	investigation	experimental|factor	True	^\S+.*\S+ \[[a-zA-Z]{2,}:\d+\]$	string	True		{termLabel} [{termID}]|{text}		text or EFO and/or OBI	
feat_pred	feature prediction	MIXS:0000061		Method used to predict UViGs features such as ORFs, integration site, etc	{'value': 'Prodigal;2.6.3;default parameters'}	sequencing	feature|predict			string				{'syntax': '^{software};{version};{parameters}$', 'interpolated': True, 'partial_match': True}		
geo_loc_name	geographic location (country and/or sea,region)	MIXS:0000010		The geographical origin of the sample as defined by the country or sea name followed by specific region name. Country or sea names should be chosen from the INSDC country list (http://insdc.org/country.html), or the GAZ ontology (http://purl.bioontology.org/ontology/GAZ)	{'value': 'USA: Maryland, Bethesda'}	environment	geographic|location			string		True		{'syntax': '^{country}: {region}, {specific_location}$', 'interpolated': True, 'partial_match': True}		
gravidity	gravidity	MIXS:0000875		Whether or not subject is gravid, and if yes date due or date post-conception, specifying which is used	{'value': 'yes;due date:2018-05-11'}					string			{boolean};{timestamp}			
host_age	host age	MIXS:0000255		Age of host at the time of sampling; relevant scale depends on species and study, e.g. Could be seconds for amoebae or centuries for trees			age|host|host.			string				{'syntax': '^{scientific_float}( *- *{scientific_float})? *{text}$', 'interpolated': True, 'partial_match': True}		year, day, hour
host_body_habitat	host body habitat	MIXS:0000866		Original body habitat where the sample was obtained from	{'value': 'anterior end of a tapeworm'}		body|habitat|host|host.			string						
host_body_product	host body product	MIXS:0000888		Substance produced by the body, e.g. Stool, mucus, where the sample was obtained from. Use terms from the foundational model of anatomy ontology (fma) or Uber-anatomy ontology (UBERON)	{'value': 'mucus [FMA:66938]'}		body|host|host.|product			string			{termLabel} [{termID}]		FMA or UBERON	
host_body_site	host body site	MIXS:0000867		Name of body site where the sample was obtained from, such as a specific organ or tissue (tongue, lung etc...). Use terms from the foundational model of anatomy ontology (fma) or the Uber-anatomy ontology (UBERON)	{'value': 'scolex [UBERON:0015119]'}		body|host|site			string			{termLabel} [{termID}]		FMA or UBERON	
host_cellular_loc	host cellular location	MIXS:0001313		The localization of the symbiotic host organism within the host from which it was sampled: e.g. intracellular if the symbiotic host organism is localized within the cells or extracellular if the symbiotic host organism is localized outside of cells	{'value': 'extracellular'}		host|host.|location			HostCellularLocEnum	True					
host_color	host color	MIXS:0000260		The color of host			host|host.			string						
host_common_name	host common name	MIXS:0000248		Common name of the host	{'value': 'trematode'}		host|host.			string						
host_dependence	host dependence	MIXS:0001315		Type of host dependence for the symbiotic host organism to its host	{'value': 'obligate'}		host|host.			HostDependenceEnum		True				
host_dry_mass	host dry mass	MIXS:0000257		Measurement of dry mass	{'value': '500 gram'}		dry|host|host.|mass			string				{'syntax': '^{scientific_float}( *- *{scientific_float})? *{text}$', 'interpolated': True, 'partial_match': True}		kilogram, gram
host_fam_rel	host family relationship	MIXS:0000872		Relationships to other hosts in the same study; can include multiple relationships	{'value': 'clone;P15'}		family|host|host.|relationship	True		string			{text};{text}		relationship type;arbitrary identifier	
host_genotype	host genotype	MIXS:0000365		Observed genotype			host|host.			string						
host_growth_cond	host growth conditions	MIXS:0000871		Literature reference giving growth conditions of the host	{'value': 'https://academic.oup.com/icesjms/article/68/2/349/617247'}		condition|growth|host|host.			string				{'syntax': '^({PMID}|{DOI}|{URL}|{text})$', 'interpolated': True, 'partial_match': True}		
host_height	host height	MIXS:0000264		The height of subject			height|host|host.			string				{'syntax': '^{scientific_float}( *- *{scientific_float})? *{text}$', 'interpolated': True, 'partial_match': True}		centimeter, millimeter, meter
host_infra_spec_name	host infra-specific name	MIXS:0000253		Taxonomic information about the host below subspecies level			host|host.			string						
host_infra_spec_rank	host infra-specific rank	MIXS:0000254		Taxonomic rank information about the host below subspecies level, such as variety, form, rank etc			host|host.|rank			string						
host_length	host length	MIXS:0000256		The length of subject	{'value': '1 meter'}		host|host.|length			string				{'syntax': '^{scientific_float}( *- *{scientific_float})? *{text}$', 'interpolated': True, 'partial_match': True}		centimeter, millimeter, meter
host_life_stage	host life stage	MIXS:0000251		Description of life stage of host	{'value': 'redia'}		host|host.|life			string		True			stage	
host_number	host number individual	MIXS:0001305		Number of symbiotic host individuals pooled at the time of collection	{'value': '3'}		host|host.|number			string			{float} m		count	
host_of_host_coinf	observed coinfecting organisms in host of host	MIXS:0001310		The taxonomic name of any coinfecting organism observed in a symbiotic relationship with the host of the sampled host organism. e.g. where a sample collected from a host trematode species (A) which was collected from a host_of_host fish (B) that was also infected with a nematode (C), the value here would be (C) the nematode {species name} or {common name}. Multiple co-infecting species may be added in a comma-separated list. For listing symbiotic organisms associated with the host (A) use the term Observed host symbiont	{'value': 'Maritrema novaezealandense'}		host|host.|observed|organism			string					species name of coinfecting organism(s)	
host_of_host_disease	host of the symbiotic host disease status	MIXS:0001319		List of diseases with which the host of the symbiotic host organism has been diagnosed; can include multiple diagnoses. The value of the field depends on host; for humans the terms should be chosen from the DO (Human Disease Ontology) at https://www.disease-ontology.org, non-human host diseases are free text	{'value': 'rabies [DOID:11260]'}		disease|host|host.|status|symbiosis	True		string			{termLabel} [{termID}]|{text}		disease name or Disease Ontology term	
host_of_host_env_loc	host of the symbiotic host local environmental context	MIXS:0001325		For a symbiotic host organism the local anatomical environment within its host may have causal influences. Report the anatomical entity(s) which are in the direct environment of the symbiotic host organism being sampled and which you believe have significant causal influences on your sample or specimen. For example, if the symbiotic host organism being sampled is an intestinal worm, its local environmental context will be the term for intestine from UBERON (http://uberon.github.io/)	{'value': 'small intestine[uberon:0002108]'}		context|environmental|host|host.|symbiosis	True		string			small intestine [UBERON:0002108]		UBERON term(s), multiple values can be separated by pipes	
host_of_host_env_med	host of the symbiotic host environmental medium	MIXS:0001326		Report the environmental material(s) immediately surrounding the symbiotic host organism at the time of sampling. This usually will be a tissue or substance type from the host, but may be another material if the symbiont is external to the host. We recommend using classes from the UBERON ontology, but subclasses of 'environmental material' (http://purl.obolibrary.org/obo/ENVO_00010483) may also be used. EnvO documentation about how to use the field: https://github.com/EnvironmentOntology/envo/wiki/Using-ENVO-with-MIxS . Terms from other OBO ontologies are permissible as long as they reference mass/volume nouns (e.g. air, water, blood) and not discrete, countable entities (e.g. intestines, heart).MIxS . Terms from other OBO ontologies are permissible as long as they reference mass/volume nouns (e.g. air, water, blood) and not discrete, countable entities (e.g. intestines, heart)	{'value': 'feces[uberon:0001988]'}		environmental|host|host.|symbiosis			string			{termLabel} [{termID}]		An ontology term for a material such as a tissue type or excreted substance	
host_of_host_fam_rel	host of the symbiotic host family relationship	MIXS:0001328		Familial relationship of the host of the symbiotic host organisms to other hosts of symbiotic host organism in the same study; can include multiple relationships			family|host|host.|relationship|symbiosis	True		string			{text};{text}		relationship type;arbitrary identifier	
host_of_host_geno	host of the symbiotic host genotype	MIXS:0001331		Observed genotype of the host of the symbiotic host organism			host|host.|symbiosis			string						
host_of_host_gravid	host of the symbiotic host gravidity	MIXS:0001333		Whether or not the host of the symbiotic host organism is gravid, and if yes date due or date post-conception, specifying which is used			host|host.|symbiosis			string			{boolean};{timestamp}		gravidity status;timestamp	
host_of_host_infname	host of the symbiotic host infra-specific name	MIXS:0001329		Taxonomic name information of the host of the symbiotic host organism below subspecies level			host|host.|symbiosis			string						
host_of_host_infrank	host of the symbiotic host infra-specific rank	MIXS:0001330		Taxonomic rank information about the host of the symbiotic host organism below subspecies level, such as variety, form, rank etc			host|host.|rank|symbiosis			string						
host_of_host_name	host of the symbiotic host common name	MIXS:0001324		Common name of the host of the symbiotic host organism	{'value': 'snail'}		host|host.|symbiosis			string						
host_of_host_pheno	host of the symbiotic host phenotype	MIXS:0001332		Phenotype of the host of the symbiotic host organism. For phenotypic quality ontology (PATO) terms, see http://purl.bioontology.org/ontology/pato			host|host.|symbiosis			string			{term}		phenotype of the host of the symbiotic organism; PATO	
host_of_host_sub_id	host of the symbiotic host subject id	MIXS:0001327		A unique identifier by which each host of the symbiotic host organism subject can be referred to, de-identified, e.g. #H14	{'value': 'H3'}		host|host.|identifier|symbiosis			string						
host_of_host_taxid	host of the symbiotic host taxon id	MIXS:0001306		NCBI taxon id of the host of the symbiotic host organism	{'value': '145637'}		host|host.|identifier|symbiosis|taxon			string			{integer}		NCBI taxon identifier of the host of the symbiotic taxon organism	
host_of_host_totmass	host of the symbiotic host total mass	MIXS:0001334		Total mass of the host of the symbiotic host organism at collection, the unit depends on the host			host|host.|mass|symbiosis|total			string				{'syntax': '^{scientific_float}( *- *{scientific_float})? *{text}$', 'interpolated': True, 'partial_match': True}		
host_phenotype	host phenotype	MIXS:0000874		Phenotype of human or other host. Use terms from the phenotypic quality ontology (pato) or the Human Phenotype Ontology (HP)	{'value': 'soldier'}		host|host.			string			{termLabel} [{termID}]		PATO or HP	
host_shape	host shape	MIXS:0000261		Morphological shape of host	{'value': 'round'}		host|host.			string						
host_specificity	host specificity	MIXS:0001308		Level of specificity of symbiont-host interaction: e.g. generalist (symbiont able to establish associations with distantly related hosts) or species-specific	{'value': 'species-specific'}		host|host.			HostSpecificityEnum	True					
host_subject_id	host subject id	MIXS:0000861		A unique identifier by which each subject can be referred to, de-identified	{'value': 'P14'}		host|host.|identifier			string						
host_substrate	host substrate	MIXS:0000252		The growth substrate of the host	{'value': 'rock'}		host|host.			string						
host_symbiont	observed host symbionts	MIXS:0001298		The taxonomic name of the organism(s) found living in mutualistic, commensalistic, or parasitic symbiosis with the specific host. The sampled symbiont can have its own symbionts. For example, parasites may have hyperparasites (=parasites of the parasite)	{'value': 'Paragordius varius'}		host|host.|observed|symbiosis	True		string					species name or common name	
host_taxid	host taxid	MIXS:0000250		NCBI taxon id of the host, e.g. 9606	{'value': '395013'}		host|host.|taxon			string			{integer}		NCBI taxon identifier	
host_tot_mass	host total mass	MIXS:0000263		Total mass of the host at collection, the unit depends on host			host|host.|mass|total			string				{'syntax': '^{scientific_float}( *- *{scientific_float})? *{text}$', 'interpolated': True, 'partial_match': True}		kilogram, gram
lat_lon	geographic location (latitude and longitude)	MIXS:0000009		The geographical origin of the sample as defined by latitude and longitude. The values should be reported in decimal degrees, limited to 8 decimal points, and in WGS84 system	{'value': '50.586825 6.408977'}	environment	geographic|location			string		True		{'syntax': '^{lat} {lon}$', 'interpolated': True, 'partial_match': True}		
lib_layout	library layout	MIXS:0000041		Specify whether to expect single, paired, or other configuration of reads	{'value': 'paired'}	sequencing	library			LibLayoutEnum	True					
lib_reads_seqd	library reads sequenced	MIXS:0000040		Total number of clones sequenced from the library	{'value': '20'}	sequencing	library			integer	True					
lib_screen	library screening strategy	MIXS:0000043		Specific enrichment or screening methods applied before and/or after creating libraries	{'value': 'enriched, screened, normalized'}	sequencing	library			string	True				screening strategy name	
lib_size	library size	MIXS:0000039		Total number of clones in the library prepared for the project	{'value': '50'}	sequencing	library|size			integer	True					
lib_vector	library vector	MIXS:0000042		Cloning vector type(s) used in construction of libraries	{'value': 'Bacteriophage P1'}	sequencing	library			string	True				vector	
mag_cov_software	MAG coverage software	MIXS:0000080		Tool(s) used to determine the genome coverage if coverage is used as a binning parameter in the extraction of genomes from metagenomic datasets	{'value': 'bbmap'}	sequencing	software			MagCovSoftwareEnum						
mid	multiplex identifiers	MIXS:0000047		Molecular barcodes, called Multiplex Identifiers (MIDs), that are used to specifically tag unique samples in a sequencing run. Sequence should be reported in uppercase letters	{'value': 'GTGAATAT'}	sequencing	identifier			string	True			{'syntax': '^{dna_bases}$', 'interpolated': True, 'partial_match': True}		
misc_param	miscellaneous parameter	MIXS:0000752		Any other measurement performed or parameter collected, that is not listed here	{'value': 'Bicarbonate ion concentration;2075 micromole per kilogram'}		parameter	True		string			{text};{float} {unit}		parameter name;measurement value	
mode_transmission	mode of transmission	MIXS:0001312		The process through which the symbiotic host organism entered the host from which it was sampled	{'value': 'horizontal:castrator'}					ModeTransmissionEnum	True					
neg_cont_type	negative control type	MIXS:0001321		The substance or equipment used as a negative control in an investigation		investigation	type			NegContTypeEnum	True				enumeration or text	
nucl_acid_amp	nucleic acid amplification	MIXS:0000038		A link to a literature reference, electronic resource or a standard operating procedure (SOP), that describes the enzymatic amplification (PCR, TMA, NASBA) of specific nucleic acids	{'value': 'https://phylogenomics.me/protocols/16s-pcr-protocol/'}	sequencing				string	True			{'syntax': '^({PMID}|{DOI}|{URL})$', 'interpolated': True, 'partial_match': True}		
nucl_acid_ext	nucleic acid extraction	MIXS:0000037		A link to a literature reference, electronic resource or a standard operating procedure (SOP), that describes the material separation to recover the nucleic acid fraction from a sample	{'value': 'https://mobio.com/media/wysiwyg/pdfs/protocols/12888.pdf'}	sequencing				string	True			{'syntax': '^({PMID}|{DOI}|{URL})$', 'interpolated': True, 'partial_match': True}		
number_contig	number of contigs	MIXS:0000060		Total number of contigs in the cleaned/submitted assembly that makes up a given genome, SAG, MAG, or UViG	{'value': '40'}	sequencing	number			integer						
organism_count	organism count	MIXS:0000103		Total cell count of any organism (or group of organisms) per gram, volume or area of sample, should include name of organism followed by count. The method that was used for the enumeration (e.g. qPCR, atp, mpn, etc.) Should also be provided. (example: total prokaryotes; 3.5e7 cells per ml; qpcr)	{'value': 'total prokaryotes;3.5e7 cells per milliliter;qPCR'}		count|organism	True		string			{text};{float} {unit};[ATP|MPN|qPCR|other]		organism name;measurement value;enumeration	
oxy_stat_samp	oxygenation status of sample	MIXS:0000753		Oxygenation status of sample	{'value': 'aerobic'}		oxygen|sample|status			OxyStatSampEnum						
perturbation	perturbation	MIXS:0000754		Type of perturbation, e.g. chemical administration, physical disturbance, etc., coupled with perturbation regimen including how many times the perturbation was repeated, how long each perturbation lasted, and the start and end time of the entire perturbation period; can include multiple perturbation types	{'value': 'antibiotic addition;R2/2018-05-11T14:30Z/2018-05-11T19:30Z/P1H30M'}		perturbation	True		string			{text};{Rn/start_time/end_time/duration}		perturbation type name;perturbation interval and duration	
pos_cont_type	positive control type	MIXS:0001322		The substance, mixture, product, or apparatus used to verify that a process which is part of an investigation delivers a true positive		investigation	type			string	True		{term} or {text}			
project_name	project name	MIXS:0000092		Name of the project within which the sequencing was organized	{'value': 'Forest soil metagenome'}	investigation	project			string		True				
reassembly_bin	reassembly post binning	MIXS:0000079		Has an assembly been performed on a genome bin extracted from a metagenomic assembly?	{'value': 'no'}	sequencing	post			boolean						
ref_biomaterial	reference for biomaterial	MIXS:0000025		Primary publication if isolated before genome publication; otherwise, primary genome report	{'value': 'doi:10.1016/j.syapm.2018.01.009'}	nucleic acid sequence source				string				{'syntax': '^({PMID}|{DOI}|{URL})$', 'interpolated': True, 'partial_match': True}		
ref_db	reference database(s)	MIXS:0000062		List of database(s) used for ORF annotation, along with version number and reference to website or publication	{'value': 'pVOGs;5;http://dmk-brain.ecn.uiowa.edu/pVOGs/ Grazziotin et al. 2017 doi:10.1093/nar/gkw975'}	sequencing	database			string			{database};{version};{reference}		names, versions, and references of databases	
rel_to_oxygen	relationship to oxygen	MIXS:0000015		Is this organism an aerobe, anaerobe? Please note that aerobic and anaerobic are valid descriptors for microbial environments	{'value': 'aerobe'}	nucleic acid sequence source	oxygen|relationship			RelToOxygenEnum						
route_transmission	route of transmission	MIXS:0001316		Description of path taken by the symbiotic host organism being sampled in order to establish a symbiotic relationship with the host (with which it was observed at the time of sampling) via a mode of transmission (specified in mode_transmission)			route			RouteTransmissionEnum						
salinity	salinity	MIXS:0000183		The total concentration of all dissolved salts in a liquid or solid sample. While salinity can be measured by a complete chemical analysis, this method is difficult and time consuming. More often, it is instead derived from the conductivity measurement. This is known as practical salinity. These derivations compare the specific conductance of the sample to a salinity standard such as seawater	{'value': '25 practical salinity unit'}		salinity			string				{'syntax': '^{scientific_float}( *- *{scientific_float})? *{text}$', 'interpolated': True, 'partial_match': True}		practical salinity unit, percentage
samp_collect_device	sample collection device	MIXS:0000002		The device used to collect an environmental sample. This field accepts terms listed under environmental sampling device (http://purl.obolibrary.org/obo/ENVO). This field also accepts terms listed under specimen collection device (http://purl.obolibrary.org/obo/GENEPIO_0002094)	{'value': 'swab, biopsy, niskin bottle, push core, drag swab [GENEPIO:0002713]'}	nucleic acid sequence source	device|sample			string	True		{termLabel} [{termID}]|{text}		device name	
samp_collect_method	sample collection method	MIXS:0001225		The method employed for collecting the sample	{'value': 'swabbing'}	nucleic acid sequence source	method|sample			string	True			{'syntax': '^({PMID}|{DOI}|{URL}|{text})$', 'interpolated': True, 'partial_match': True}		
samp_mat_process	sample material processing	MIXS:0000016		A brief description of any processing applied to the sample during or after retrieving the sample from environment, or a link to the relevant protocol(s) performed	{'value': 'filtering of seawater, storing samples in ethanol'}	nucleic acid sequence source	material|process|sample			string	True					
samp_name	sample name	MIXS:0001107		A local identifier or name that for the material sample used for extracting nucleic acids, and subsequent sequencing. It can refer either to the original material collected or to any derived sub-samples. It can have any format, but we suggest that you make it concise, unique and consistent within your lab, and as informative as possible. INSDC requires every sample name from a single Submitter to be unique. Use of a globally unique identifier for the field source_mat_id is recommended in addition to sample_name	{'value': 'ISDsoil1'}	investigation	sample			string		True				
samp_size	amount or size of sample collected	MIXS:0000001		The total amount or size (volume (ml), mass (g) or area (m2) ) of sample collected	{'value': '5 liter'}	nucleic acid sequence source	sample|size			string	True			{'syntax': '^{scientific_float}( *- *{scientific_float})? *{text}$', 'interpolated': True, 'partial_match': True}		
samp_store_dur	sample storage duration	MIXS:0000116		Duration for which the sample was stored. Indicate the duration for which the sample was stored written in ISO 8601 format	{'value': 'P1Y6M'}		duration|period|sample|storage			string				{'syntax': '^{duration}$', 'interpolated': True, 'partial_match': True}		
samp_store_loc	sample storage location	MIXS:0000755		Location at which sample was stored, usually name of a specific freezer/room	{'value': 'Freezer no:5'}		location|sample|storage			string					location name	
samp_store_sol	sample storage solution	MIXS:0001317		Solution within which sample was stored, if any	{'value': '5% ethanol'}		sample|storage			string					solution name	
samp_store_temp	sample storage temperature	MIXS:0000110		Temperature at which sample was stored, e.g. -80 degree Celsius	{'value': '-80 degree Celsius'}		sample|storage|temperature			string				{'syntax': '^{scientific_float}( *- *{scientific_float})? *{text}$', 'interpolated': True, 'partial_match': True}		degree Celsius
samp_taxon_id	taxonomy ID of DNA sample	MIXS:0001320		NCBI taxon id of the sample.  Maybe be a single taxon or mixed taxa sample. Use 'synthetic metagenome  for mock community/positive controls, or 'blank sample' for negative controls	{'value': 'Gut Metagenome [NCBITaxon:749906]'}	investigation	dna|identifier|sample|taxon			string		True		{'syntax': '^{text} \\[{NCBItaxon_id}\\]$', 'interpolated': True, 'partial_match': True}		
samp_vol_we_dna_ext	sample volume or weight for DNA extraction	MIXS:0000111		Volume (ml) or mass (g) of total collected sample processed for DNA extraction. Note: total sample collected should be entered under the term Sample Size (MIXS:0000001)	{'value': '1500 milliliter'}	nucleic acid sequence source	dna|sample|volume|weight			string				{'syntax': '^{scientific_float}( *- *{scientific_float})? *{text}$', 'interpolated': True, 'partial_match': True}		milliliter, gram, milligram, square centimeter
seq_meth	sequencing method	MIXS:0000050		Sequencing machine used. Where possible the term should be taken from the OBI list of DNA sequencers (http://purl.obolibrary.org/obo/OBI_0400103)	{'value': '454 Genome Sequencer FLX [OBI:0000702]'}	sequencing	method			string		True		{'syntax': '^{text}|({termLabel} \\[{termID}\\])$', 'interpolated': True, 'partial_match': True}		
sim_search_meth	similarity search method	MIXS:0000063		Tool used to compare ORFs with database, along with version and cutoffs used	{'value': 'HMMER3;3.1b2;hmmsearch, cutoff of 50 on score'}	sequencing	method			string				{'syntax': '^{software};{version};{parameters}$', 'interpolated': True, 'partial_match': True}		
size_frac	size fraction selected	MIXS:0000017		Filtering pore size used in sample preparation	{'value': '0-0.22 micrometer'}	nucleic acid sequence source	fraction|size			string			{float}-{float} {unit}		filter size value range	
sop	relevant standard operating procedures	MIXS:0000090		Standard operating procedures used in assembly and/or annotation of genomes, metagenomes or environmental sequences	{'value': 'http://press.igsb.anl.gov/earthmicrobiome/protocols-and-standards/its/'}	sequencing	procedures	True		string	True			{'syntax': '^({PMID}|{DOI}|{URL})$', 'interpolated': True, 'partial_match': False}	reference to SOP	
source_mat_id	source material identifiers	MIXS:0000026		A unique identifier assigned to a material sample (as defined by http://rs.tdwg.org/dwc/terms/materialSampleID, and as opposed to a particular digital record of a material sample) used for extracting nucleic acids, and subsequent sequencing. The identifier can refer either to the original material collected or to any derived sub-samples. The INSDC qualifiers /specimen_voucher, /bio_material, or /culture_collection may or may not share the same value as the source_mat_id field. For instance, the /specimen_voucher qualifier and source_mat_id may both contain 'UAM:Herps:14' , referring to both the specimen voucher and sampled tissue with the same identifier. However, the /culture_collection qualifier may refer to a value from an initial culture (e.g. ATCC:11775) while source_mat_id would refer to an identifier from some derived culture from which the nucleic acids were extracted (e.g. xatc123 or ark:/2154/R2)	{'value': 'MPI012345'}	nucleic acid sequence source	identifier|material|source	True		string	True				for cultures of microorganisms: identifiers for two culture collections; for other material a unique arbitrary identifer	
sym_life_cycle_type	symbiotic host organism life cycle type	MIXS:0001300		Type of life cycle of the symbiotic host species (the thing being sampled). Simple life cycles occur within a single host, complex ones within multiple different hosts over the course of their normal life cycle	{'value': 'complex life cycle'}		host|host.|life|organism|symbiosis|type			SymLifeCycleTypeEnum		True			type of life cycle of the symbiotic organism (host of the samples)	
symbiont_host_role	host of the symbiont role	MIXS:0001303		Role of the host in the life cycle of the symbiotic organism	{'value': 'intermediate'}		host|host.|symbiosis			SymbiontHostRoleEnum	True					
tax_class	taxonomic classification	MIXS:0000064		Method used for taxonomic classification, along with reference database used, classification rank, and thresholds used to classify new genomes	{'value': 'vConTACT vContact2 (references from NCBI RefSeq v83, genus rank classification, default parameters)'}	sequencing	classification|taxon			string						
tax_ident	taxonomic identity marker	MIXS:0000053		The phylogenetic marker(s) used to assign an organism name to the SAG or MAG	{'value': 'other', 'description': 'was other <colon> rpoB gene'}	sequencing	identifier|marker|taxon			TaxIdentEnum		True				
temp	temperature	MIXS:0000113		Temperature of the sample at the time of sampling	{'value': '25 degree Celsius'}	environment	temperature			string	True			{'syntax': '^{scientific_float}( *- *{scientific_float})? *{text}$', 'interpolated': True, 'partial_match': True}		degree Celsius
trna_ext_software	tRNA extraction software	MIXS:0000068		Tools used for tRNA identification	{'value': 'infernal;v2;default parameters'}	sequencing	software			string				{'syntax': '^{software};{version};{parameters}$', 'interpolated': True, 'partial_match': True}		
trnas	number of standard tRNAs extracted	MIXS:0000067		The total number of tRNAs identified from the SAG or MAG	{'value': '18'}	sequencing	number			string			{integer}		value from 0-21	
type_of_symbiosis	type of symbiosis	MIXS:0001307		Type of biological interaction established between the symbiotic host organism being sampled and its respective host	{'value': 'parasitic'}		symbiosis|type			TypeOfSymbiosisEnum	True					
urobiom_sex	host sex	MIXS:0000862		Physical sex of the host			host|host.			UrobiomSexEnum					sex of the symbiotic organism (host of the samples); enumeration	
x16s_recover	16S recovered	MIXS:0000065		Can a 16S gene be recovered from the submitted SAG or MAG?	{'value': 'yes'}	sequencing	recover			boolean						
x16s_recover_software	16S recovery software	MIXS:0000066		Tools used for 16S rRNA gene extraction	{'value': 'rambl;v2;default parameters'}	sequencing	recover|software			string				{'syntax': '^{software};{version};{parameters}$', 'interpolated': True, 'partial_match': True}		
